{
  "GuidId": "960676c2-d434-4ff2-98b8-5fc7123d2e34",
  "ImageDir": "/face/unknown/harry-meghan-15.jpg",
  "ImageName": "harry-meghan-15.jpg",
  "DateTimeWhenCaptured": "2018-08-12T17:16:22+00:00",
  "Location": null,
  "Status": 0,
  "People": [
    {
      "Name": "Meghan Markle",
      "FaceBoundingBox": {
        "LeftTopCoordinate": {
          "x": 294,
          "y": 792
        },
        "RightBottomCoordinate": {
          "x": 443,
          "y": 642
        }
      },
      "Mood": {},
      "HeartRate": null
    },
    {
      "Name": "Prince Harry",
      "FaceBoundingBox": {
        "LeftTopCoordinate": {
          "x": 154,
          "y": 652
        },
        "RightBottomCoordinate": {
          "x": 333,
          "y": 473
        }
      },
      "Mood": {},
      "HeartRate": null
    }
  ]
}