{
  "GuidId": "000e57ca-e0ea-4754-a252-204cccc1cc1a",
  "ImageDir": "/face/unknown/Prince-Harry_Thomas-Markle_Meghan-Markle.jpg",
  "ImageName": "Prince-Harry_Thomas-Markle_Meghan-Markle.jpg",
  "DateTimeWhenCaptured": "2018-08-15T03:06:44+00:00",
  "Location": null,
  "Status": 0,
  "People": [
    {
      "Name": "unknown_person",
      "FaceBoundingBox": {
        "LeftTopCoordinate": {
          "x": 78,
          "y": 559
        },
        "RightBottomCoordinate": {
          "x": 228,
          "y": 410
        }
      },
      "Mood": {},
      "HeartRate": null
    },
    {
      "Name": "Meghan Markle",
      "FaceBoundingBox": {
        "LeftTopCoordinate": {
          "x": 54,
          "y": 413
        },
        "RightBottomCoordinate": {
          "x": 234,
          "y": 234
        }
      },
      "Mood": {},
      "HeartRate": null
    },
    {
      "Name": "Prince Harry",
      "FaceBoundingBox": {
        "LeftTopCoordinate": {
          "x": 95,
          "y": 228
        },
        "RightBottomCoordinate": {
          "x": 244,
          "y": 78
        }
      },
      "Mood": {},
      "HeartRate": null
    }
  ]
}