{
  "GuidId": "bbf31ee4-8dbb-4bb3-b1a1-ca1fecef59d9",
  "ImageDir": "/face/unknown/0.jpeg",
  "ImageName": "0.jpeg",
  "DateTimeWhenCaptured": "2018-07-16T06:01:20+00:00",
  "Location": null,
  "Status": 0,
  "People": [
    {
      "Name": "Gian Lazzarini",
      "FaceBoundingBox": {
        "LeftTopCoordinate": {
          "x": 29,
          "y": 133
        },
        "RightBottomCoordinate": {
          "x": 101,
          "y": 61
        }
      },
      "Mood": {},
      "HeartRate": null
    }
  ]
}