{
  "GuidId": "04eb9843-42a1-41f0-8b19-6d63c1e835d7",
  "ImageDir": "/face/unknown/images.jpeg",
  "ImageName": "images.jpeg",
  "DateTimeWhenCaptured": "2018-07-16T06:01:00+00:00",
  "Location": null,
  "Status": 0,
  "People": [
    {
      "Name": "Gian Lazzarini",
      "FaceBoundingBox": {
        "LeftTopCoordinate": {
          "x": 54,
          "y": 181
        },
        "RightBottomCoordinate": {
          "x": 158,
          "y": 77
        }
      },
      "Mood": {},
      "HeartRate": null
    }
  ]
}