{
  "GuidId": "4b81358e-e523-4487-a72f-009b47932796",
  "ImageDir": "/face/unknown/2892.png",
  "ImageName": "2892.png",
  "DateTimeWhenCaptured": "2018-07-16T05:55:14+00:00",
  "Location": null,
  "Status": 0,
  "People": [
    {
      "Name": "Scott Hanselman",
      "FaceBoundingBox": {
        "LeftTopCoordinate": {
          "x": 136,
          "y": 394
        },
        "RightBottomCoordinate": {
          "x": 394,
          "y": 136
        }
      },
      "Mood": {},
      "HeartRate": null
    }
  ]
}