{
  "GuidId": "8370eb1b-1bda-4142-98ea-d3ceeed1ce13",
  "ImageDir": "/face/unknown/unnamed.jpg",
  "ImageName": "unnamed.jpg",
  "DateTimeWhenCaptured": "2018-07-16T06:01:24+00:00",
  "Location": null,
  "Status": 0,
  "People": [
    {
      "Name": "Gian Lazzarini",
      "FaceBoundingBox": {
        "LeftTopCoordinate": {
          "x": 156,
          "y": 610
        },
        "RightBottomCoordinate": {
          "x": 527,
          "y": 238
        }
      },
      "Mood": {},
      "HeartRate": null
    }
  ]
}