{
  "GuidId": "d8288d18-c0b0-4e6d-b639-07be94fe26ae",
  "ImageDir": "/face/unknown/Chad Peterson.jpg",
  "ImageName": "Chad Peterson.jpg",
  "DateTimeWhenCaptured": "2018-07-28T22:31:12+00:00",
  "Location": null,
  "Status": 2,
  "People": [
    {
      "Name": "unknown_person",
      "FaceBoundingBox": {
        "LeftTopCoordinate": {
          "x": 113,
          "y": 328
        },
        "RightBottomCoordinate": {
          "x": 328,
          "y": 113
        }
      },
      "Mood": {},
      "HeartRate": null
    }
  ]
}